left_skewed_data,std_dev_data,right_skewed_data
-0.09255357858535987,-0.22637640536614317,1.2760598440509368
-1.2567475165285822,-2.080170282775647,0.9892157699101448
-0.2487420217290634,-0.49192644009120357,1.8304375521011806
-0.07758013425053303,1.1956820633350969,0.7189986668951315
-1.6341728373129876,0.05569866096324573,0.3916783022055291
-0.7291507096012398,1.583532822433337,0.49094633799411824
-0.07324759156327072,0.8196932879985146,0.08082170152494993
-0.6279692215729522,-1.2938915303315328,0.6618993773101882
-1.3700572745617252,0.9422359717095431,0.4206244558066129
-0.046617634503624356,-0.15687660425171998,0.9342488259073408
-0.3587525135992338,0.4407545570406477,1.6255561678150492
-0.1358462784638109,-0.3086912573159535,1.2681384686221164
-1.5596385727350552,1.4493960532544787,2.7440800996632917
-0.0645654065539971,0.5648346295479039,0.7606006731769398
-0.8648913987554815,0.6103036921626127,1.186345410237308
-0.6677114010046251,0.6224173640938726,1.3051867072369276
-0.3531287974795616,1.029673644688213,0.7504961420567493
-0.029501524152601044,1.0265464385562784,0.26910382584328446
-1.082351664863411,0.7387508704457253,0.6749165644752348
-0.2853600888945994,-1.164386481931089,1.0576474852811688
-0.9692098577325577,0.47886627074119753,0.7897417326311071
-0.5546181914881568,0.0743256486238189,0.06306097055638163
-0.3047863671570046,0.5373911894192974,0.8593037214273634
-0.680777599572341,0.22604065780750862,1.1929209057376018
-0.47167930817810283,1.771105310859839,1.368909704903183
-0.1718316071153296,0.6206738698572303,1.0507122684734496
-0.5630334959288348,1.0851458803216671,1.0883746916867862
-0.0768126682473216,0.4070527556770234,1.0300208813319989
-0.11148343186582395,-0.26320602565996276,-0.07800634465419334
-0.1722127504037718,1.1859081211102274,0.19360523538166294
-1.035121569128256,0.9713896868730227,1.5957894308472325
-0.7387729948350547,0.6584364458209611,2.168465434782468
-0.4193062690921597,-1.7164325923993673,1.584714351547818
-1.091760027243401,-2.089400373485379,0.7149669797566253
-0.8940835749065764,1.6816004347709876,0.20979934134264303
-0.7314406562859588,-0.35993617839892394,0.48116916385272407
-0.09386757255900842,-0.16263204469168493,1.3774031711923511
-1.4413050539962922,-1.3673069195597658,2.6441489108827025
-0.8620475338648868,0.33839513657327946,0.0386937559796603
-0.2200744893901271,-0.22902236799645231,1.0656550802419718
-1.477064781642321,-1.3929342848227895,1.0962629793090752
-0.5330944392988467,0.8118523003213487,1.6088737883191055
-1.8014286797964703,0.5396786829978588,1.5622960947487385
-0.39707606748741353,1.2362277647894073,0.9217159916962508
-1.0667784675878875,-0.1154070810319348,0.2851661146107323
-0.06314256254738404,-1.4324721568281107,0.6161638618833396
-2.2202091755985873,-0.5217427320814411,1.5432145956451702
0.022902018481684872,0.5513591059659746,1.6092733451874015
-1.1800558724691115,0.86448594976004,2.0325363457439156
-1.4500752856502885,-0.6089878459301393,1.6460200209347413
-2.0890190660528716,0.2210427869366417,1.177060693664928
-2.31021420527029,0.1308555492646892,0.25709942598054386
-0.7017332305236512,-1.3307257315392647,0.45646015356361413
-1.2130962864688934,-1.5749631977048182,1.8402537344091505
-0.8149655864105865,-0.2009631995664801,0.5467975607491525
-0.6597490218238894,-0.8116311935938115,1.2596837523306723
-2.5557060692265323,0.13145673482578524,0.35207085413774397
-0.17974098670515135,0.1729794489153684,1.1292813950331153
-0.843086043407168,-0.12007352295191742,2.171057589937818
-0.9178922439766859,0.12048050782317318,1.9025847616612186
-0.5328900418515843,-0.16636885696526496,0.8918323543461799
-0.004425312007758947,1.1611505944000742,0.19070307141109874
-1.1356346872274488,0.7834437185122312,0.7793575306773561
-0.755539737070031,-2.346301848006603,0.05861684220406811
-0.27486105961616053,-0.19415448078616088,0.8666884110726325
-2.104634355874287,0.6473708641896866,0.4352816545121447
-0.06347823954845143,-1.872400282349204,0.25980620889310757
-1.7663787536149147,-1.7001902711169388,2.7121597965574624
-0.40555806603677796,0.5271398478080191,1.0826351439672017
-0.1754517428253463,-0.5209437111309448,1.4887410260258627
-0.9884553866014313,0.9065468527620928,0.47450160123893126
-0.2494921738012107,1.3676078567368988,0.4527860234497608
-2.0420378635948597,-0.19602320586150557,0.05085531987231255
-0.8856919789273244,-0.6493931761081505,1.436200324730225
-0.8825642890617597,-1.208419253664006,0.7583289417766407
-0.3147100275083039,0.49637999742429806,0.1371804499446014
-0.10144782634898797,0.06669938455781889,0.10952205844350954
-0.9216709540353398,-0.21795259062989691,0.6412228203655422
-0.06234254662587213,-1.7593629680071858,0.10926082588815286
-0.8445530391356683,0.4634800766887033,0.00020192973204216647
-0.4087033991859559,1.3954211625007584,2.0658840627048605
-1.0240367830513295,0.48650002673879833,0.19995521459869972
-0.9646240407638911,0.02559196281629213,0.13838744928186264
-0.30754584971820564,1.457306883671348,0.3664637181542351
-0.9139804692735314,-0.5459522819715455,2.5961194851073244
-0.28402099889658733,1.6698207964596719,1.298427760477141
-2.31850932419075,-1.1092645790506537,1.0836731308943528
-0.8235631361879682,-2.9176807855226228,1.4584957765049376
-0.46302655760338024,0.5041786191479002,0.7677499000247456
-0.5123529790923683,0.3385810398817488,2.22953302996277
-0.35576429535150195,-0.9612691328219597,-0.02364100547053631
-0.9571921155211461,2.206629880953723,1.2641925051292011
-1.5186924791211935,1.3889568057522508,1.8715759671643455
-0.6759907869599302,-0.529946520464154,1.282253307702784
0.027470655385934205,0.611973224153877,1.5701398445381065
-1.18932348174476,0.14538896229112608,0.5293149570927773
-0.4309279224518401,0.42555737058259246,0.3153448026421385
-1.5496399393475042,-0.17623108035320195,1.811352446305664
-0.9585747758772606,1.253169137659113,-0.01455452548063653
-1.0792212923197535,0.44400588402855384,1.0060304857718532
-0.4074148131350373,1.0747937006111925,2.5908898518337025
-0.7314841373564835,0.029046581427431717,0.650031872221324
-0.6819399320586347,-1.620616381049104,0.8481103502248735
-1.8151749317570667,-2.8105057364705504,1.037487130360462
-0.6116357109502019,-0.9913486272215997,-0.07360963820289698
-0.9600683044033396,0.33489359831724647,0.6750344590462874
-0.1978803454908266,0.5656970702043432,0.2921238945273183
-0.20341682895202687,2.05787505990377,0.07990327224402864
-0.32886230482606416,0.8175157710299986,0.5485878998292624
-0.18661222431688984,0.6715563710020885,0.3548558769468129
-0.013489616423104579,-0.6151340779568081,0.6075987565405007
-0.651795393746297,0.22605704639649526,0.8857111491419725
-0.7837787519529669,-0.5659924985296153,-0.020151816311459826
-0.3805636116694846,-2.0968477786782502,0.3745868514320112
-1.9426003117656472,-0.9741966600563494,0.11271909284792159
-0.681897593946347,-0.44335776725607784,0.26058485594270375
-0.5747141485105993,0.9915376295101779,3.0611211501218145
-0.5971225925202538,0.9947415804334763,0.1459317047222749
-0.5693692002113337,-0.2261364857103968,0.1691679513517882
-0.27223451436839624,-0.325843213493286,0.37642550900361615
-0.6613012321676919,1.0650953629408766,0.3096936166994575
-0.2548268415768735,0.16947157226562481,0.9811541481654389
-0.11883145710579407,0.5336049519762163,0.7426183786906704
-1.0200957257991952,0.6303561755468546,0.8878478525734068
-0.4064763324643617,1.6540330402350307,0.31910634718736774
-0.4908409443641663,-0.9310234348118406,0.8377145836833363
-0.38564735852969834,0.7077726306663107,1.5372225576427119
-0.16455796451821025,0.2429572866013736,1.3021607006684317
-2.6954514321045067,0.22968150749792215,0.19875875332835302
-0.9857057004483745,1.109927285064043,0.38885388029097717
-0.8304463107490977,-1.1945008696219468,-0.06654947100182666
-0.9385228964036558,-1.042404925816302,0.46708467610110915
-1.497076076131104,-1.0760453961952212,1.3765775408506085
-0.083408876098792,2.6065618866519404,0.7861225174635312
-0.8225019057314258,0.2227200119715636,0.2929631871624363
-0.5834894233542993,-0.948873067404722,1.8151703031509847
-0.9172659083748544,0.7829157115133761,1.0727614335509739
-0.22944993207126368,2.676522650517951,1.1090704570854748
-0.6435436586094755,-0.9184846361567339,0.7205946184334922
-1.0635310786686754,0.36964651372550134,2.3221369240495866
-0.7577241775960863,0.11536713800944183,1.5795844152848837
-1.0041718778425797,0.36842999863962417,0.3069680803198354
-1.2496729769019832,-0.2494882427955196,0.35690074463573396
-0.36158970930321904,-0.5847353640799889,0.8716156274773454
-0.08330574785191411,-1.5445088346611473,0.8266753734025619
-0.2095704525570647,-0.9086909451216458,0.04136556938499167
-0.05218125141004604,-1.2575047801036447,1.17229645795954
-1.4905992336934097,2.030424979963131,0.9158511578540353
-1.172698550464521,-2.049646417369623,0.3223872794772462
-1.9369162194568734,0.02733071690088519,0.9883729272499034
-0.7642744521442268,0.0042382824977998945,0.7441494137416635
-1.6835781501108136,0.18267842613289825,1.4912837378475834
-0.30267099293806976,-1.1056619704955244,1.292419751000823
-1.5915424214101928,-0.5660184209619857,0.13434952968339464
-0.15155846266574477,0.25745330691537555,0.24709550034341818
-0.34139796069989303,-0.34753865574611514,2.087748035844164
-0.17600685212705305,-0.01330514229582456,2.874852827983252
-1.5010701201480379,-0.8027677425316398,0.1287409566508296
-1.3926285895052979,1.807580253712264,1.5351399744377918
-0.8283599584406549,-0.010834613095813354,0.12205282876847523
-0.6886651667569864,1.6419387922962445,0.17777825762732125
-0.6688909548732859,0.5698462399677839,1.027719164835195
-1.5697637380460816,-2.581028054583446,1.724146623095283
-0.118586647801793,-0.5243571630168121,0.5970892378762914
-0.600669351405786,0.8564866041332823,0.6911307773559453
-0.0885814083474738,0.47902354333430064,1.0810897355813207
-0.40221223956297625,-0.20378090603458077,-0.1182853348212428
-0.11322245092123298,0.8105230621036262,0.1286441390146871
-0.41433571183312545,1.0344390236143273,0.7953296829657223
-0.09073811343371208,0.812408563772792,0.011663146098541383
-0.028250574695901524,-0.10711052139254446,1.2683799593174658
-0.7244038904595408,0.1895708008446655,1.919505550290499
-0.8717989636652542,0.7097088483714888,0.25584612764982845
-0.16625643438948548,-1.4805620272702975,0.6772897262562692
-0.6675471839459917,0.24181395212233686,0.12779225989429197
-2.01729165649575,-1.0092481429798275,0.5623986416184361
-1.1074518597929297,1.7380919278893474,0.24081350544605143
-0.09504721711501367,-0.5062465227104886,0.7357339338864044
-0.09117906471733828,0.9102916269388523,1.636245290538433
-0.36326555682242445,-0.3126181351950057,1.3247891558190372
-0.5582369973835087,0.46811516329904207,0.3067079798271525
-0.1568770779279772,-1.5627491618437683,1.1635101105336327
-0.5361502054231488,-1.0137175457454295,1.6489065003572834
-1.0687317561115453,-1.3833380013114642,1.4400267148550658
-0.6204932470433607,0.21852694078209886,0.5542687707438845
-0.5963365231492548,0.24051540427536558,0.3360661913648199
-0.13534353978700087,-0.29231504269938374,0.47410337056998536
-2.39012536452415,1.0652721361488138,0.47382510738548883
-0.5327524550429704,0.7641092818953236,0.5961751303501047
-0.08580784333537106,0.9568663044906892,1.381488573385999
-1.1552546699092674,0.0963082313018857,1.5961834348600463
-1.450752597315739,0.771468637943929,0.03563491325162932
-0.8172013763861128,-0.2593024115301681,0.5761956209201616
-0.31740177449484325,-1.4423740973231465,0.2111703279289085
-0.15435139258893615,0.2517478686201204,0.1300723767136198
0.006647063412847515,-0.09043640175513162,0.23181549878870386
-1.3839475182320489,0.7408700059018886,1.6159534051312223
-0.27210717758672864,-1.0267741955886271,0.9155905556656663
-0.03192835917815561,0.23002550286853868,0.112383234894539
-0.3928917364040166,-2.2724206866846086,0.8545015297789786
-0.09154579048696564,-0.10681938231543987,0.6757496489133762
-0.46290398099571106,0.31857863712052414,0.6203028047300956
-1.301664382956342,-0.08814890142293551,0.7988307083614219
0.17205512005895812,-0.28474154594750095,0.7302408411437626
-1.0820123401506108,2.3853549347086775,0.24452990604289426
-1.6534185044430592,-0.8836141407872118,0.11108287490055962
-0.16591172243085828,-0.9861345110593561,1.7909204323533447
-0.7905968384398275,-0.011971148915096846,0.0567319846084233
-1.3038713787689744,-1.5821041913650997,0.27358648414923403
-1.152719216433587,-1.0124733110750097,0.1164293953437168
-0.33111878434880354,1.0063205411286558,0.45580851021655516
-0.7231700125848269,-0.15116506744900807,1.6479120506998817
-1.435846234842238,0.49293767845208675,0.9500076634693393
-0.9357264860011401,-2.148234197849462,1.0280220142739602
-0.8671345495716282,1.421997140562085,0.8756395898583116
-1.059259681943028,0.21007014161767903,1.7878805873949803
-1.4521783565784891,-0.7134958192839083,0.33612567478882455
-1.351352592271168,-0.10073331489947537,0.9569514838364115
-0.8324799480974405,1.6717147509599146,1.784939048538612
-0.5812344563609172,1.8150107110020928,0.49771097673854514
-0.38328005575883767,1.4646072551042286,0.6902461426649003
0.060543139378328586,0.6721253644793116,0.3167186083336864
-0.7295256587862154,0.7250702846326841,0.238705696295847
-0.32124577285477807,0.2163553048099365,0.8843202836441835
-1.2424031604578438,-0.15792296371825118,0.7032453501749364
-1.4682517729990094,0.28893360671627605,0.09497939872580043
0.12505452512446497,0.3557909626755934,1.0846969514888967
-1.8706682885627517,-0.21976748810770455,1.576058108164287
-0.62971418924358,0.07240196751823595,0.3469824364432302
-0.11456979709132054,-0.5988229332970437,0.1899173644226019
-0.9106902206222748,0.29610937320298003,1.3165729606447185
-2.6406691996053984,-1.263746573340499,-0.05450278297111758
-1.975875606663993,0.35887143224259704,2.52649082775405
-2.3504630351122744,-0.2709228614124543,0.5266479289085048
0.1752043692726712,0.4482978530434841,0.23262194687315946
-0.3788340787429976,-0.8737017439243195,0.5021433031066259
-0.5362946791865159,1.0782419421983707,0.6562421863205339
-0.8696256319890296,-0.9058656720858733,0.6882460466398131
-0.3700321573211924,-0.05230741307533649,0.275374587939432
-0.7310120930960445,-1.795919376145455,0.7915796439903782
-0.7197198789426438,-0.42394859616854735,0.33768704750475637
-0.350145100736017,-0.1701712361309298,0.8033075878835314
-1.8571847295846016,0.1452760901837711,0.3911473529993874
-0.4297303482851304,-0.14831977959092216,0.7614774360505135
-0.32250662542065106,-1.153467229784964,0.4884940299952914
-2.17454319156392,0.8119337749225565,0.5005253801773785
-0.22926881856346423,0.9428879627161616,1.3750943363312484
-1.75645705824179,1.3839517571665099,3.496835869152389
-0.2677321157265097,-0.20945920691165798,0.039504455756018936
-0.9749120062963417,0.06571696130900267,0.042026615504452414
-2.0931676521179834,-0.6756077249619309,-0.09167937796928287
-1.112056203150863,0.9274380796685505,1.525326598469326
-0.5317660238667994,-0.06074540059205023,0.21665051364365145
-0.1692610027310409,-1.287846636583932,0.5431574802298
-1.008207321133252,1.0785529651937789,1.1449466330789015
-0.6251778238396338,1.6591740931161683,0.12273131238582062
-0.4101738136743178,0.3370433468146068,1.6007746646161096
0.1290673885100719,0.27649392351579305,0.7359767469186618
-2.2134183041155895,0.3383360792224638,0.8436313373701119
-1.5082104324417998,0.45393650298200244,0.18838163391608237
-0.9066672689744668,-0.04374855590396826,0.8337683048716835
-0.29841506862739525,0.3263512843617567,0.9207968731476192
-0.01906544983373322,0.06046635157334611,1.245630489078111
-0.8504678445704427,-1.2500533280807964,2.1307259272543524
-0.27361884412227633,-0.8736783159289522,0.33304282034643456
-0.43609887682317205,0.15610543956814307,0.332397330536525
-0.5339186278424293,1.062084230916229,1.7466382483375544
-1.097976670865427,1.4896782651534448,1.03908622926502
-0.22631250831269417,2.4352208003956743,-0.003067639480158032
-0.9311035108233868,0.6356077183991041,1.0118641576828742
-1.236988650366224,-0.4246930796031118,1.9806756531531555
-0.19538941391044917,-1.9150282341246885,0.4839525142082074
-0.7202127954782995,-0.053858978533150255,0.9141788777109331
-0.040613273508862874,-1.3848090660359103,2.070105515662441
-0.6126971694120068,0.595788157678722,0.5216322797935965
-0.28527401219171755,1.28447397209963,0.7869617154197502
-0.28354550745664175,-0.20170527873827954,0.023886232867915108
-1.3182691088316265,0.07343438054189436,0.7842958249025775
-0.9025779097423741,-0.3712769120011841,0.024184510842957162
-1.2959833009857493,0.4388839398627488,1.3593836061975033
-0.8932238277362854,1.117092586594918,0.7526160409723094
-0.7462063044175926,-0.9865407764823892,1.6361887746646202
-0.9811926341120629,-1.1987186282164128,0.7421798235569037
-0.45492180696607926,0.7852009025965602,0.8086377208565491
-1.375897561857666,1.441277361678655,1.3002670623447439
-0.6268916556469211,1.2063116493760886,0.13263804533634757
-0.16571871455317636,0.63037813949888,1.4399529765275971
-1.021914526563166,-0.7570523526613604,1.8878616227862113
-2.0098391030515335,-0.4763676243900162,0.8004769508759231
-0.34759755958882127,-1.6469796676016226,1.3885061287325997
-1.5925817875481725,-1.4873977691818925,0.9341751155890616
-0.3032449935320188,0.6103852205279904,0.2532495468555632
-0.213670563326195,0.5384366809536744,0.7002837419763882
-1.2291363577553551,-0.738372042384255,1.5636945203567052
-1.0713317140707395,-0.048528282184879284,0.518660906491297
-0.39125735593875266,-0.8500532442313633,0.8703839518756794
-0.9602480611072913,-0.2722470453406809,1.718506011399843
-0.5238578388330356,-0.9700961685172143,1.6310713219178261
-1.0543665776655253,-0.5663860153114886,1.9042505970101422
0.006580759216065102,-0.024896292423394337,0.3908177162174695
-0.6649523475735442,0.02668018622251273,0.24526165690078172
-0.5285301467081089,-1.7590134149755627,0.22306795350588668
-0.5192137010893985,-0.3206239972122638,0.8965556155120997
-0.4223999856434658,2.186180978646487,2.813250076427697
-1.1522068641781829,-0.5188521418099309,1.1623401813351717
-1.2432494043620397,-0.6033488684641967,0.1942155312161508
-2.0478029371927953,1.023983251482499,0.2991490647479998
0.04923031359483829,0.2325606699889918,1.9445406463047006
-0.8217850859025357,-0.6421638836158363,0.1364776102725018
-0.018245703714456413,1.644641926907101,1.0037098372365232
-0.18369174688659612,1.4440561185751568,2.639120244181067
-0.5307971721167456,-1.2888116736443553,0.34763262210293944
-1.8218160978888478,-0.5773199294359941,0.6896088263109393
-0.9923995294528678,-1.3584501132492122,0.19512844810127203
-0.4728786230646501,-1.0073538781782627,0.872875885299954
-1.201997587466345,-1.2830869900982602,0.5684315259774299
-1.797447835710877,-0.3714400869156966,0.5978878793147318
-0.3360251770966849,0.2564237551374094,0.5022183644252757
-0.29070871697109246,1.1714326412776213,0.04183344522484925
-1.2696225473793865,0.6388373885217783,1.428607827632357
-1.2322608519498524,0.30307723258285624,2.760281328045303
-0.6566050301860458,0.285547563740493,1.7872342961373051
-1.5393592366937148,-0.4589316761834157,0.12793583640403516
-1.5454147122901154,-0.3971577675140174,1.0279016110293975
-0.6035835218183764,-0.7717582857115448,0.6011272564924105
-0.39782281383907847,0.090979505342982,0.40338857759857505
-1.1666142573253364,0.659014601944684,0.28243895635717137
-0.7784556316821368,0.8782919134153707,1.3772834478700142
-0.6853758599096876,0.44050177992574013,1.0725395416198547
-2.761908179748933,0.7295421532304687,0.6320792583616813
-0.41857224222870165,0.17293117138082587,0.10350459430239878
-2.0250964954906205,-0.6234628114205781,0.5604233878855257
-0.2747144413093816,-1.822951478525319,0.6234811198868233
-0.9540252520914381,1.1221972219293277,1.0804628969372023
-0.3390486412609902,0.2788620210454455,1.2394501124083297
-0.013135518941059743,-0.3004513666475354,0.5810143101239635
-0.05956994366755859,0.525602666821971,0.34156650126099003
-1.8776778100153477,-0.03498942082927965,2.5214714227963326
-0.04570451018516239,0.8338030067845766,1.566884625047633
-1.7425324232604853,-1.0364673010143084,0.1491215958137849
-1.1952074225946452,-1.1214704337670385,0.3465521789617893
-0.2401746456152343,0.4039383883367617,1.3217406629554773
-0.7411145637084425,-0.7553838464338453,0.8332483223590849
-0.13121191587868472,1.3152932082894648,1.1903199803694653
-1.6037479629759277,0.04003482205316593,0.2394467705832855
-0.4586270828262448,1.2621813954669852,1.4104807767241376
-0.13755606200173998,-0.38442184920241856,2.1818224784869136
-0.12658752752920907,-0.5821472695609258,2.7389549153007122
-1.481231136494001,-1.801339151234724,0.012442456082083886
-0.4872037401281713,0.2744297849311529,0.33323711327116134
-1.203154390276977,0.6918505718919887,0.5823661126523445
-1.421306087059597,-0.23292150823809524,0.554167604362142
-0.2370526619877487,-0.2905645860477489,0.5127698031221308
-0.15657772644174092,0.4639983094435891,0.964921165967328
-0.8118481754926012,0.5729488967170248,1.0721502309082973
-1.1597223822402123,0.8532760753239335,0.8675080281555196
-0.303585525330909,1.1582799179056866,1.3385414193381504
-0.7945010802402604,0.9905585329067063,0.02185151784425689
-0.9484285751168564,-0.4364315233988332,1.4182104208941673
-0.5036074675154654,-1.595243325208625,0.20686730103909595
-0.39509210891436025,1.5678458933321602,1.6721703833271977
-0.5383637008233079,0.8697507277996367,0.19479162763421742
-0.8539694954326695,2.806790550910417,0.14786886375520236
-1.0749715109161944,1.1473767080634838,0.8343511699605779
0.020448778266312917,1.259134162311397,0.17950180447980135
-0.8567711790653865,-0.87436080440565,0.6537647150497737
0.04393207975890675,2.1198946538665893,1.2929565471682198
-0.1972989817733624,0.20551492316000552,0.7084399214754091
-0.47097552185113006,0.25130897562615234,0.06621485291900893
-1.3999056967318222,-0.40446926814921486,0.5508900050693629
-0.5055191394146168,1.0492930833208616,-0.04026407717303037
-0.44953912508047517,-1.908468103884513,1.7760932737799793
-1.0277136976834136,-2.118615871593949,0.4880771528813308
-1.0346779662417487,-0.9766723451143312,0.8837724790505411
-0.44280518215065623,-0.4342411255786619,0.28569560178781644
-0.39911609534078196,-1.2397219670094681,2.296433004292826
-0.2897108552911313,1.340139149793472,1.5732212457761554
-0.8156776664107637,-0.3222225665371931,0.005942033467116331
-2.221207273978903,1.218376710705419,1.2503735662552664
-1.4370935893718237,0.16898756672350987,-0.11058453998998932
-0.7749342512719293,0.6900420681703484,0.8171311623495693
-1.6494503521787938,0.7245232760832307,-0.0005010810173552149
-1.400701792027646,-2.264701712863236,0.2865565916771659
-0.6171175737285444,-0.5899581867551956,0.21011154536717366
-0.1300671326745287,-0.6762874033810148,0.4869341991465258
-0.06728475233362781,0.5530671945968202,1.4884491516639413
-1.2901179229500581,-1.656000320706973,0.4853701516507565
-0.6578827819974667,0.9486770020664818,0.13934641981833704
-0.5126320491251904,0.11274736568454645,0.490250922603211
-1.6351545723828171,0.6848305314951101,0.7936253219106119
-1.0250271571380896,-1.271173762852924,0.1295954936483883
-1.7295750000735077,-1.0311133477829217,1.400606209592576
-1.8107604510775333,-1.670051413352621,2.274181721990355
-0.5926101940030503,1.0719320903141345,1.488126721769233
-0.05156142533332754,-2.2426876820855055,0.642538200756949
-0.05837739237212376,1.3329572116280957,0.7019494343299756
-0.5174271349945809,-2.272101244025034,1.4289483012316258
-0.06106345122831819,-0.9626615518676787,0.5382144896223097
-0.3055420745577019,-0.07427585612861715,0.6024118361914453
-0.7694173108898223,0.2802724698145624,0.7378494299294769
-0.26346380586424717,1.3869818260239029,1.2009485411445018
-0.6151516388599136,2.1950145040477667,0.4189288990254952
0.07787925221642945,0.5722739024481787,0.39686789293585506
-1.026375316403234,1.9801288918452564,0.010617152073615133
-0.8486044047229092,-0.7852122755663594,0.7961176414469051
-2.5531719377880693,-0.9470597158995246,0.7116317450908282
-0.22248515682940778,-0.7916753927072129,1.1225584918477525
-0.9307197328965964,-0.2555868793542716,2.5732794678064996
-0.5984697357251119,-0.8608328131170453,0.7841548748915675
-1.2387393714140504,-0.9388061450127843,0.3647151582987359
-0.6230272216237364,0.5828371424667116,0.839570801086196
-0.976424511245426,0.22293635463909695,0.3387826857761212
-1.249934258406929,1.0391750220167686,0.7875422809920115
-0.4075307699745481,0.23687420418627897,0.33921853252537704
-0.41038236135964445,-0.6564185356856675,2.949888646826479
-0.4936151108622352,-0.9423816085018825,0.51516462707184
-0.004348310123990403,-0.22979521274537204,0.9088303765814871
-0.8523746192852824,0.14313510447118977,0.8589577460156135
-0.16393814291664524,-1.3785481200630139,0.23825432428453103
-0.11069866241831945,-0.2752356302951354,1.0144343697404228
-1.1398716418082304,-0.1652623923482211,0.0026328805581779247
-1.5144123996702763,-0.49682485887377925,1.344969965436481
-1.9768572732672565,-2.1535805114241486,0.03452550373752278
-0.464515371298678,-0.6430676826971994,0.9328056882958319
-2.1510871148582984,-0.9006338441856848,0.49852684853638707
-1.8175236539727517,-1.8779557745363058,0.04574670801501772
-0.5563825556181325,-2.1751736509107604,0.3029353593319525
-0.22286734088277055,-1.2693871368196714,0.8859786461308485
-2.518370509940364,-1.0154200050782545,-0.041773928026716964
-0.8274714360374454,1.4600481200473447,1.1485473328440563
-0.37282939598266246,0.33192159544740113,0.945123094943087
-0.33685580641669094,-1.816980222465974,1.033101241924477
-1.349274921881546,-0.7210135059123808,0.5760693533561135
-0.39265817629439825,0.0498994207140685,0.4991318167368756
-0.4105357568446311,-0.20596827337163143,1.0670735312707547
-0.09150146765041393,0.7024712181110517,1.2062076474581438
-0.3462154308481354,0.8359539743096869,0.5849183416370266
-0.7704579155414755,-0.13111002413226608,1.6792012336348265
-0.31804136729856164,-0.1449465445271627,2.282446799130083
-1.1292362691320865,-0.5542169723633548,0.9375099720010347
-0.7479861086296378,0.5461159234150921,0.14970665570186853
-0.5021889651578884,-0.20572311630204998,0.41320988101618567
-0.28242130877388105,0.37502736004823967,1.3009149788353767
-0.3006619441006743,0.1486986710856621,0.6146085654589669
-0.9459778604873396,-0.04969370190658403,0.00038423416456147275
-0.6082286115912102,-0.753101463528011,0.41632970136580977
-0.4580593135494644,0.5092198950156621,0.6799864474601278
0.018236361087133567,-0.04416548669447548,0.8026563205300346
-1.1673696089372034,0.30028874860542815,0.5619526084926807
-0.021655930452964038,-0.39647429105645815,0.2847545665926663
-0.6319688966267809,-0.17842986561360624,1.3294698361089157
-0.06860809588436656,-1.1019893873180702,-0.1499032929361098
-0.8127153796335078,-0.6937486321924142,1.6667672578788302
-1.0411052960138336,-1.245410381368894,0.16988231617888805
-0.3257133990967744,-1.9443653032576094,0.9937391944796186
-0.09999068137046162,0.9340352796890428,0.10502597824670602
-1.5948275583203,-0.7180752957757502,0.9000926443259093
-0.454498693525205,-1.6139528119338185,0.2012099549887889
-1.1360497669378145,0.3513949238239239,1.6128389130204477
-1.0844922291007975,0.06310650145781166,0.9954308456016646
-0.19747873211136635,0.3583069103498716,1.3858527088921633
-0.37174881591586484,-0.40007947136097227,0.27773504660905435
-2.4351923344566977,-1.280085424042932,0.3121647420128516
-0.9789990826277759,-1.2914507554928798,1.9146923441723964
-0.5306525229451233,-1.110284797732004,1.0325840128783512
-0.35301015815210324,-0.353201588338946,0.700125710691194
-0.33352288267165997,-0.2588333131082468,0.5912478837253036
-0.19493313109513083,1.2743385676756749,0.16739270532361264
-0.2388080127301629,-0.6057275214043241,1.2491618417237844
-0.6258466462803313,-0.5823245803068094,0.2934489833199685
-0.1366136126405709,0.6122965488677898,0.7749337718776634
-0.49754442650995545,0.7218042591677312,0.8640415998164828
-0.7025464183282566,-1.9615011221090035,0.30909445199429303
-0.2439785719036726,-0.038859193818885,0.10427967014375629
-0.5119371067329368,1.5026300181324468,1.2153010046848256
-0.13059301174705976,0.9332082592568649,1.1959176556754698
-0.8865788202161358,-0.5055252336494668,0.5359944945122368
-0.8686456087798891,-0.517740275513399,1.2319658974134486
-0.6251608827038404,0.20667450746593102,0.3183392715875282
-0.7210537112335453,0.24521410668234891,1.1545820733114887
-0.4386132545906627,0.4835608405327032,1.0764896008867186
-0.852311741451609,-1.0168251460202786,0.8552482519744372
-1.2796127571545108,-0.2876316000632415,2.259622503800438
-0.3334874780702031,-0.9108066198141326,0.14607443424660918
-1.667430404037343,-1.2202114685737464,0.015585651076271731
-2.3284474459916096,-1.1245806967159633,2.5452923667247
-1.2382202572568175,0.8354907962545016,0.3938731742687473
-0.8924480356992807,1.3699562828285226,1.495762716536518
0.13186770609592777,-0.8474858742325885,2.1564793685089936
-0.3353379885488013,0.15819481857568582,0.5298932995605516
-0.986752441857099,1.3925363524896333,1.9225660943231204
-0.5850509554964038,0.5764270346456237,1.6584808089263976
-0.6492859215265507,0.52031766924332,0.9820479283445754
-1.3370934184517986,-0.2728973931718275,0.11632705430802134
-0.8016292685900087,-0.7482122933330396,0.13206333579044563
-0.27577486302093646,0.47160612949890013,0.5647362954901088
-0.07787405773071904,-0.2588093988171194,2.3965747083750006
-0.27622162768771624,-0.53084639852562,0.10260229378069756
-0.3016590717134999,0.9369399917418381,1.2369224998514905
-0.28100590845701356,1.442928780950432,0.9188668799877149
-1.3339812330117529,-1.0232525249372044,0.09822053102170232
-1.3874496869424833,0.05988101540234965,0.039826920853135994
0.0003155351828026051,-0.7355728669693423,0.27660291924946995
-0.8279145933828627,-0.8979008315633278,0.7428472662546218
-1.7918245802932744,0.3945660773535916,0.44186025571534643
-0.8477744858341258,0.89972383596299,1.5419353844657822
-0.029726730277494253,2.2450723499072978,0.15340702701865247
-0.17966453367651145,0.15408860272743174,0.3304465974884013
-1.6327965559856605,-0.5254163563547593,0.3839937118153723
-0.2708566739638649,-0.7015055731098231,0.20760219186451878
-0.7071008805791245,1.8958629355639032,0.4798878956527517
-1.1358064865539694,-0.26850214228845687,0.09887651043079108
-0.6531331868670871,-0.13790546006303583,0.4883295780787216
-0.44402880164383174,0.5175355483568246,1.8712053755115876
-0.045710151091161236,0.8735259622628735,0.6310113310517411
0.05442120690058834,0.23375572033846095,0.17616851422669927
-1.5303584500810534,-0.03253366095254607,0.5465671764330908
-0.03067549375192246,1.2692460541681512,2.271132922086123
-0.19968910772321324,-0.6604739503759137,1.204914859528715
-0.05548863642303889,0.2353102427994568,0.4995828586241191
-0.40373247556270564,0.6144921020220554,0.804517611878844
-0.43834677062642796,0.6050618090397234,1.4390201151791329
-0.6668714894984574,0.975585119724322,1.8294978014896253
-1.1278563337140228,0.19062956398307815,1.4021251472264773
-0.4183900683503393,0.2651549420132602,0.6197748995681475
-1.0099147518918261,1.0409855097554983,0.6048086691036927
-0.46151631384418734,0.7320075995131495,0.482023721441433
-0.011286168191786919,1.4154770363703826,0.3808687077179076
-0.4776308506751393,0.5948915109353097,0.5038819399508287
-0.939649653348432,0.4858427863066173,0.6134134444569453
-1.0477498678013513,-0.2620088345188426,0.5076850804462375
-0.1903865983053305,0.06748631188776123,0.8982806110330395
-0.7088983464272518,-0.43681180875842485,0.6059083284534746
-0.8756764987719227,-0.8710384710137097,0.2032031908679331
-0.6360426368853485,1.997488494122975,0.5276212342166158
-2.091503384375639,-0.7166734690641424,0.6837689283146732
-0.10833656494393014,-0.07960505225170561,0.06846582483806177
-0.46795028552037626,-0.4476165375912387,0.48649713379348525
-0.13098910492030058,0.16271431308323087,0.07591620869390887
-0.4144236997881885,-2.0711567357255016,1.5635016567439668
-1.4548168802463322,-0.26606038026983564,0.4861147229362791
-1.046855696476056,-1.8762937275287421,1.8693809718752246
0.1686827397767654,0.3788973385079486,0.9435386147229097
-0.8711956535102708,-1.4885124195262665,0.9671995245710397
-1.1990976212225475,-1.095742421220481,1.4972780851971146
-1.7630018286201354,-2.408450135492558,0.24950060247047864
-0.7054677053719817,-0.3182969894201835,0.2243673037695299
0.0737440564823908,0.42716215781860734,0.0774295297899372
-0.8757307403665423,0.3321665453224032,0.6145551965713285
-0.5823663064332494,-0.3454876926010222,0.6686806959316262
-0.3747648803187829,-1.357396907320804,0.31979203445700527
-0.20134025938591799,-0.14168848885724386,0.05966064253198442
-0.3099305211981219,-0.05691699503510384,1.5404230136129897
-1.04313743618498,0.09377888848836216,0.6125436390795509
-0.8124819139315517,1.7476048013848853,1.0472437035533853
-1.3101078923024674,1.4185997763538505,0.8599944442132605
-1.3476962692234569,-0.35255236038264764,1.4597223396939394
-1.3910405797693601,-0.5246968587128774,0.7461095812443683
-0.5307522383022123,0.869749752937056,0.5609178991523521
-0.33800488547705665,0.42298533150419065,0.6815900489579131
-0.41193189043028267,-0.002633879036390546,2.5429977937887798
-0.14933935612345095,0.2970276313314212,-0.0703587538242246
-0.5154536663236541,-0.24984548916262703,0.5273086922771878
-0.4013486087511234,0.34356029807363236,1.1145497210464468
0.0962220148225197,-0.27947472106895516,0.8509800296133717
-0.034390927740648725,0.7673806889341576,1.2278382025551928
-0.09025491960968174,1.001644701604602,0.3995578779976493
-1.8674016847954278,0.4082797104937547,0.607467008337097
-0.796404906581155,-0.882213931906026,0.8150348794172014
-0.26537088617196924,-0.631123409179728,0.3159006872708767
-0.8919393583122194,-1.7048932562312173,0.9250075369221764
-0.20991904595598965,-1.13895966461332,0.874215054167148
-0.45087499309997925,-0.06955871158730069,0.7395636171343264
-0.9450034935818079,0.7654636394119357,0.7861243903031786
-1.6249259236618705,2.1029966261359774,-0.02093546657401118
-0.4887669641232475,-0.20032852703558385,1.3876822607236734
-1.984745237619298,1.1889307046501887,1.2926122822107824
-1.004980500274939,-1.5117115346747223,1.0588434775389604
-0.8418769140091011,-2.0506027676240617,2.164083620984052
-0.5300910012589501,-0.981880976048159,1.2591892957103303
-1.048849919281235,-0.3288472037552804,-0.07620593440329528
-0.9703833897927716,0.368293969602389,0.9139201180459628
-0.88462367580593,0.856282706237266,0.27699228241415025
-0.9720261046799741,0.17839478796502456,0.11809111369830216
-0.6433163456647192,-0.30301725153910597,0.9642919932066352
0.002200090510504321,0.4858320622404732,2.0773256469696872
-0.3109938354107401,-0.3796741581697341,1.748507701038162
-1.8854012672286502,0.037405744969825856,0.1274714934034918
-0.3019354402704047,-0.6227683681367839,1.2501411518256502
-0.5911556386628828,1.4342038603706018,1.6235634504612666
-0.5410115361379747,0.21970277417330092,1.6428218436014614
-0.7463836974906525,-2.391467665441228,1.3110184555926838
-2.2126865144367907,0.04071293204038724,0.4242220901890369
-0.4385418320088671,-1.0537620933523215,-0.0003253706716819099
-0.44236630278251693,1.637672704604243,1.5969935418709689
-0.8833642688500705,-0.6265441692866909,1.2928801025457564
0.11680963610189213,1.3371085246446397,1.145452365077117
-1.5467234670038803,-0.29290923966999266,0.4604565053441886
-0.4393090451080512,-0.15066848789225654,0.9948360985825517
-0.4917377931352832,0.23787698858474474,0.347237235338578
-1.3243252855673011,0.7940928454027882,1.2698186400981537
-0.3443479750161354,-0.6007456318865302,0.972882544266386
-0.2336102445373371,0.1557000467997125,1.3411813383824482
-1.6946185773596367,-0.24349957602409647,1.1875246993202035
-0.8595962382926006,0.4781147209719881,0.7734511145921137
-2.6554781306817405,-0.8905133342736145,0.24968648077466116
-0.787303524702494,0.719565761896019,0.24153231611392056
-1.0905708603060167,2.2823891941924894,0.0031175519645028765
-0.5010432416209697,-0.9042612127072305,0.037758942436722016
-0.5890396497211626,-0.3339278688149302,0.9752804392414879
-0.8271161196554165,-0.4733671301043416,-0.157141388858071
-1.1934844318314712,-0.08687174704353229,0.8309468035980807
-0.32145191406398527,0.09716871362619134,1.289395757742426
-0.7802442283954514,-2.778250818529775,0.9853303688945214
-0.2351950537022975,0.27752391039153473,1.725545215842219
-1.6377939099824919,-0.812042521691239,0.2646051205050048
-0.6033371093250867,-0.637026951998081,1.027704610070441
-0.6420637635508496,0.09550354199606112,0.5063813639720299
-1.3761790092817792,-0.09532580690431437,1.1052941136759222
-1.1579168120611258,-0.9682479121711387,0.9722757208713129
-0.031045513961276444,-0.34393621329122553,1.0151673644436874
-0.44617584779726605,-0.8883706868689882,1.2592442864910365
-0.7961307340160366,0.2636269415309144,0.11329489105021659
-1.1640991189067198,0.7744633887537185,2.2288139390637483
-0.6181997340973895,1.1671258857516615,0.19002129844231191
-0.5329111723071119,0.08073831166865768,0.774718635151133
-1.215407386789663,1.088160840013934,1.0648286656267643
-1.0139799975873407,0.1513563954690764,0.12314858635186729
-1.2885616414596557,0.235897739259476,0.4103395573708116
-0.5365772790014132,0.02071463242280394,0.994534297438972
-0.3107333548318124,1.3730251234493513,1.175608850991015
-0.2993729710671615,-0.2164711553636085,0.869908866673026
-1.1214045895297513,0.5746867546537076,1.1522022685254611
-0.8525106095455918,-2.189788896976982,0.2438779861744315
-1.372094772486718,1.2043249959284976,0.32879954585258386
0.019629444194210033,0.28545658068401836,0.7797363382438824
-1.916354407264857,2.017927110677296,1.3708494210598992
-1.0649233952822525,-1.2351996305263908,1.8443127883009387
-0.6289532194769955,-0.18899742785632415,0.2521323283453245
-1.0658026572829997,-1.1360615239046123,0.7453490180376785
-1.742127171136421,1.1750057579338908,1.6606554684630395
-0.5954991307919244,-1.6089402379560396,1.1919060188046522
-0.15225328617731768,1.1233590856580478,0.5462370937018309
-0.8165493808391536,0.7817950503143989,0.15788157475514678
-0.17636904807240184,-0.6362292749742934,1.9387661904290383
-0.17563837360609438,-0.22671295183398033,2.6014968396183757
-0.42665787552125034,0.277113598769347,0.8883402854439755
-0.9820680446927501,1.0117087434665315,0.5937996051899694
-0.05427151005446041,0.07692138152325684,-0.1596573900032155
-2.0036181618573803,1.1049425561787416,-0.058742367265534653
-1.3315419332365646,-0.40061047187259197,0.8169763066638125
-0.18099333243245383,-1.0315553286810932,0.6335426051089772
-0.9920642721852343,-0.06379677128933298,0.9076730768900353
-0.696552531934644,-0.25339236833919154,1.5518590215567976
-2.010756290737879,1.0995839736389044,-0.007412773843560566
-1.6704721263061246,0.7471560985990697,2.0744541813167174
-1.0847652520271154,0.7787123288193226,1.1282652678474505
-1.1412615567060496,-0.04160209014356632,1.39252481645152
-0.22283730534863352,1.0664492061874133,1.4393590290805935
-0.16866364939645972,1.4802854824032814,1.7188666034399072
-1.2942614416794278,0.31429034160236874,0.09376379534103908
-0.6493715640257319,1.7743551374947986,1.5986164247484378
-0.7366599743501342,0.6766329797747029,0.45826913368055266
-0.9840966425882943,-0.09321889952329646,1.7089827595270446
-0.9477584523641246,0.9432593254301712,0.9439894690548875
-0.30922755712153815,-0.3450561208013326,0.21108020694016438
-0.6850233883154986,2.0065095071562538,0.512480966760889
-0.6005379201447176,0.3784611302430814,0.004210634241949118
-0.8263133937935296,-1.5714024115052831,0.8366254413489693
-1.7787816530409826,-0.4849609286962785,1.7376744340250974
0.026162359204477625,-0.1917614424730785,1.298410422633199
-0.3180483299053169,-0.9129648197042277,1.1868547803486382
-0.17836937504907768,-1.3180462276773939,2.2589946800823344
-0.1264515911711158,0.5260945750464998,1.4520801377128267
-0.33776201603938083,-1.0909776702649416,2.240474306620072
-0.2665220926230291,0.6653335565130719,0.10898042532627962
-0.4979012389939066,-0.1384332146731083,0.34345608991293225
-0.334002079445394,-2.1226517693889195,0.5751992000612841
-0.044294262835779856,0.029059978625209662,0.2902179469932778
-1.9928639695286023,-0.0023730459823533474,0.6538560637087087
-1.8559339931620544,-0.7458697391531485,0.4627015335199414
-0.6808196258887562,-0.5706543193480916,2.312005996385741
-0.5419728561393405,-0.66719490334505,1.4191506419689388
-0.6483007369308649,-1.0794424294576614,0.09469098404580234
-1.7162547904035528,1.33681471670204,1.0751265632882196
-0.13878578232560654,1.9558078429653758,0.4272822479842723
-0.06427768086617286,-0.5986801492670902,0.29155185819979595
-0.8949590286888995,-0.05835563436600737,0.14125404315908033
-0.5532224390188735,-1.0190485965467986,1.2477680991535152
-1.0900351584054282,1.8341692969799845,0.19500743057479406
-1.4747767207304459,-0.48475658121324766,0.41515053330287244
-0.30243262991977027,-0.18911085549281342,1.0153951031023682
-1.416604246783797,1.2791168755009452,0.769636156097068
-1.1208570584247801,0.9758413384653966,0.7186742867350713
-0.5824699058719089,-1.6831053926972364,0.7831524912292614
-3.311895123018065,1.8063702079936206,0.56650836829941
-0.2800396928510674,-1.6403017258945796,1.0777302417047365
-0.15695515924154793,-1.2847723174408698,1.290776988208769
-0.440021556821538,-1.315660195826623,0.7322868645964099
0.0651456538942892,-1.1577880674630672,0.11825164677416992
-0.8123756639706075,-0.5253038294753734,-0.15486109846450602
-1.050752248626194,0.5854046672127748,0.6643375343015543
-0.3896555499526536,0.47628273128987464,0.5812106227954531
-0.8079252097530853,0.7482042238868419,0.31440523851907226
-1.8313948180054522,-0.4752508294672182,0.9861945979944996
-2.2427442490036333,-0.9844424721640274,1.5396854552893264
-0.7174371572049323,0.8399610209655614,0.3298517708430215
-1.1003844422067643,-0.22111044301492286,0.45810662992557927
-0.05767417786941245,-0.7474217991007205,0.0712083566472534
-0.32855689399959725,-0.48022442789081476,0.7143976921785826
-0.40970280364219114,1.3449122465089527,0.6678675506359012
-1.42349353842384,0.2538599959142071,0.25669643182857166
-0.35381766771182693,1.2708913881601764,0.2986156675876857
-0.870310479137116,0.2764928024808326,0.3510634083755555
-0.8480123189160772,1.1999605202916672,0.6406193755154914
-0.9776142665074191,0.5501943340129883,1.1984593096919691
-0.37489678238295326,2.109385576883524,0.43115094106341567
-0.25253651413989736,3.0654379866867916,0.018276060080794437
-0.3472781948185248,-1.017978290771585,0.2552326030636813
-0.815402648382817,0.45528855711752036,0.49812221289351233
-2.730277216140812,0.8678231024104914,1.8152413238251965
-1.2974706392471471,-0.13445371698162004,1.093877822601175
-0.5250920808247801,0.9848156129818245,0.04713932441448898
-0.9581489500418701,0.5032596358859313,0.8795182408693101
0.012707937016531695,-0.5638181022382632,-0.18034594951654673
-2.493486281394425,0.34976264441331323,0.5205155370280866
-0.476884370551325,-1.3203122628978803,1.2910733473496259
-1.0803933005479682,-0.6192756864039289,2.44986375564662
-1.049328638665741,0.8688234851591288,1.4213141862108856
-1.3699010198885797,0.7933581493687417,1.0804332355276132
-2.4756343366591738,-0.2741005250078829,0.9793936969060372
-0.08502819071185053,0.5919987160082373,0.45197552409889025
-0.4827549823721299,0.7864382689005665,0.04175364424547273
-0.4341030903788028,0.2048964071668703,0.0821135349952371
-0.915769635154477,-0.21763256089466756,2.3670546245114266
-0.10481357883325751,-0.43930751381417427,0.6251595067669341
-0.2785322637416048,-2.3842690542118903,0.2932726239267657
-1.6103737555426347,-0.466195241995748,1.3423724712542624
-1.1891207462088917,0.48294654120109687,1.5106756470297957
-1.294435239435699,1.8917534731837142,1.7490119309274725
-1.4232550265351616,0.05157691824225701,1.0208357906217436
-0.6076881274480561,-0.34985248667646973,0.03555863640930529
-0.826534475374629,0.6525782426493856,0.15820760169997294
-0.2346192900790222,2.2587719528699823,1.1736208862176194
-2.083534533574877,0.13446000608837358,0.7445244071537181
-0.5121898077890996,0.686081530523265,3.381179369853839
-0.998669683066379,-0.4226446107513475,1.6749431644657333
-0.3342413742162279,0.13944738604065024,0.3421488361504522
-0.704081746493496,-0.2432663835650723,1.5700576698224102
-0.14417719499218346,1.8379196142982193,1.2945652718729193
-0.17624119329008336,-1.2323002505719203,0.6236086250056747
-0.48673976239079975,0.35536725975791117,0.46448048550656207
-0.6455472255696524,-1.3212424391472661,0.41547854315692334
-0.2777193219838852,0.5092665790443685,1.0036214147058224
-0.29898425906130693,-0.03919268513815698,0.13895270532824217
-0.7293042953831327,0.06807337902470563,0.35676840158882206
-0.9495751806861714,0.08143909961662009,0.7449683979742001
-1.144761204196229,0.5593201648803083,0.9504507942630659
-0.6857899283734533,-0.2090288386379517,0.14586432606757893
-0.46259617356921395,-1.2526821505005328,0.6706435076480376
-0.5933905295855243,0.9798783003268464,-0.08539322251465022
-1.0926377813986505,-0.06692443159012143,1.9293741768943438
-1.0160029616203663,-1.3044685673935825,1.085078827985531
-0.818323700237567,-0.1348238720610822,0.9680384317241412
-0.5016497822468833,1.023946671461638,0.2156858339347753
-1.4407011610080274,0.8154916490912876,0.9395429350876426
-0.14525349308040325,-0.14826372357072365,1.0237542410112224
-0.30892569922222596,1.0506438955438724,0.23256057942570513
-0.22913581934421895,-0.6922345661391452,0.8636052428520052
-0.6248619758059384,-1.590050678455651,1.599580365027283
-0.12094559698078469,-2.0245963744966464,0.8794572466722003
-1.504673336240039,-2.234330644836202,0.00040648975047913316
-0.09492103552100262,0.41553376611740905,1.2886401324295842
-1.852960206435563,0.724533238829897,0.12785198274914647
-0.5120145368283815,-1.585550609124657,1.3049171080398412
-0.33535230510346614,0.49573772534914823,1.626931766081579
-0.10595682606654,0.8403627113852308,1.3044535788613796
-0.9254247449479013,0.3340712907905283,0.07617460013440225
-2.624096740339722,-0.6458275913763815,0.3949015318163742
-0.46937731368147795,-0.5802011154896625,0.9578217494864197
-0.7509267799190438,1.2491996085517663,0.7649540598749437
-1.0463214000122263,0.14339499849373444,-0.17020029591106786
-0.6719573243711581,-0.1993140025906924,0.3657041492887856
-0.48069695599404627,0.07763245073112021,0.16945599277703302
-1.5357156631746764,0.2954276027517429,0.8540533084781314
-0.6117982169948123,0.5208937495418696,0.42701188086584874
-1.102338437467718,-0.48494603411819703,1.6833580036765816
-1.3898371076472573,1.8689537254988546,1.139150816432227
-1.0071710257075357,0.42019039942144054,1.21950437967682
-0.5056356293574352,-1.9125748624288004,0.570366518912132
0.02280425152266407,0.27725175972533966,1.4993291236623374
-0.5681547549884521,-0.8318899070953997,0.6656600792735285
-0.36321821555613537,-0.9434521105819835,0.9396642968097146
-0.5338000358737447,-0.7254935618717279,0.624877226733179
-0.22109628080733723,-0.5981471814260803,1.3970870378116607
-2.476118444086784,-0.41234105300385737,0.8383259039371729
-0.36404294328240433,-1.5395696805512658,0.9425455768880378
-2.8823964691699318,-0.4685422744893781,1.5087872074928035
-0.8124334048213763,0.3714141234684455,0.5435566767731359
-0.7406487489839897,-1.4911025770487962,1.088523886672197
-0.7668216613734903,-1.2035408367759983,0.2501370060322977
-0.11313850591415206,0.9839194836592594,1.106096331307392
-1.0527169988987244,-1.7793392283309553,0.7484007293794476
0.014164063381503916,-0.916639407446465,0.7079752750810566
-0.8613626909942553,0.676381217491734,0.3087330029729529
-0.5896193850339144,0.4837818248644976,1.3316853489486629
-0.5353442765301195,-0.6199142558455837,0.005391367130583483
-0.1472080802652112,-0.4093069710947733,0.38697807829572284
-1.5623791092300372,0.5443100523101123,1.2458522369080012
-0.27240324495209506,0.0053512345513554585,0.8044639630942949
-0.19112814376674228,0.7554689479111864,0.3037340768233016
-0.2991757714995662,0.004608126328882722,1.4497896833828698
-0.13151414490406121,0.018066171485706002,1.7400738760077874
-0.9406798678272894,0.8399868005964519,1.6511018318688069
0.10063681731372189,-2.002945748432084,0.11526690592361921
-2.056699757063126,-0.7511342800384462,0.506726125819681
-0.13090028949364957,-0.8869531807681199,0.21966926740450993
-2.1402280745526046,0.08445576337503245,0.3688060778732657
-0.27124310749485253,0.9625172985882063,1.188010334665046
-0.6774031820318728,0.07621868848053001,1.1614535895600162
-0.6516750369977595,1.3007449254327255,0.2694535460940415
-0.1122433276492425,0.47201747826151647,0.8841796221007505
-0.3112379404448464,-0.47651086004175436,1.0731513401470885
-1.6344706762676906,-0.631896900598095,1.8123118250604464
0.04412195619269235,-0.24094497691608635,0.520989916153467
-0.6144784336314534,0.9530406383402231,0.9260322707757725
-0.3836642909088652,1.1012293341034292,-0.026236219168883967
-1.8461039939049377,1.680316101264875,0.015435772920750105
-0.05299424859786028,0.5500936303714239,1.1445337325166929
-0.41473454685594274,1.1790492393719307,0.7296666353300613
-0.9549632498685272,0.3177164032693471,0.46501112618434337
-0.3558953218946277,0.634722212936663,0.6583971303201773
-0.393909456861603,0.9119487723586612,0.696195996435717
-1.6425211251973626,0.22449946274378685,1.0717078166786789
-0.030367897381864767,-0.11973899487319109,0.3838828915333815
-0.9164649506326653,-0.26052659062118877,1.0099344706681281
-1.6453666534309508,0.508333860022525,0.6905019129775976
0.02191971084653466,-0.7859380888526003,0.8665233066053963
-1.1310098087760785,0.008187875589889756,1.2465479780913609
-1.220780930653148,-2.854625926497016,2.03967905426189
-2.6023527071751706,-0.18166078974527303,1.4511001348524535
-0.6398337207712073,-0.8298515085631273,1.4460788485197467
-1.312725134934108,0.8656269061926344,0.7441228935323148
-1.255951210503121,0.027505463384645944,1.761933938317399
-1.809784491178522,1.2883708981587656,0.1288178603941841
-0.47189022065131775,-0.09704567782635305,2.549119082485009
-0.3232126141423695,0.09488644632285878,0.35021556919900854
-1.2102826141217462,-0.6728488595420313,1.704146703891465
-0.7416992516908382,-0.503722107485783,0.6532041258258513
-1.2439181220328437,0.49076168571752443,0.6273625516512322
-0.3020928541952925,-1.5979066563941122,0.45821919222049884
-0.30676509041812455,1.2977095461075856,1.162159931408397
-0.4927116464094292,-0.5313762604685504,-0.04088287193866276
-0.6912507959489428,1.352719947547338,2.7946526161735186
-0.1781330385021078,-0.42500566215389574,0.9634635883566657
-0.15427294864686467,0.1785104490335019,1.0355041074385842
-0.7501019056556056,1.354381422494797,0.26463395993344646
-0.3357472238823305,0.16197120897760936,0.5737115353144053
-0.06847896430241485,-0.8138450790842972,0.8672760318999118
-0.8000477296165964,-0.26365088692038,0.3124503876635689
0.3250790014090696,-1.614482744110737,0.8571775653672811
-0.21234691752373505,0.7296609879829654,1.2637348959664163
-0.10408267110547667,0.38325635534287905,1.4765278923871092
-0.5100102222583603,-0.9307670567668049,0.5017444278683424
-1.5303535399359303,0.6624845120327557,0.7928200891337183
-1.232393100214363,-0.8445408196813491,1.1195039734555585
-0.303664165473733,-1.9737998831670065,0.1572291509059105
-1.436631860924903,-0.11642421780254238,0.1678910385030055
-0.02508217179741956,-0.9130977790884885,1.4458552217868643
-0.3184315997981496,-1.3301087629508177,0.038515503910923704
-0.7293486425089061,-0.37850813094201563,1.14691044341092
-0.11475240797644101,-2.0685774018429974,1.436381162014853
-0.889791264125213,2.5296697046431817,0.6739523247484414
-1.5541593538675114,-0.6184926089925821,1.63945431178975
-0.06335894180706866,-0.358695551641974,1.515180444910684
-1.910571121874033,1.1601066422847928,0.18442317660591037
-1.972500787927373,0.8297388715747942,0.6073279692973411
-0.20065428694814835,0.7638193167530374,1.10368065076084
-0.5933168315190539,-1.6629133786125034,0.07561188749675016
-0.1186546606464564,1.080580735022469,0.30921190022223444
-0.5214504219404842,-0.7811141577045534,0.4994847513235967
-0.12442529981870823,2.2557529481263057,0.2963205034554026
-1.8242602991434584,-0.90926802321964,0.22204679550772624
-0.01089431426473142,-0.9680450523005981,0.6389349389160615
-0.5927456766496637,-0.29699781116642415,0.42888630899304847
-1.1403312943180022,-1.3907014004911114,0.6714538789888777
-0.9308172933355535,0.24078895223901609,0.2695301388078262
-1.1054056512577939,-1.1236776032150846,1.1829232129223477
-0.1320035905114686,-1.3994706276723359,1.1450440797299248
-0.3543245794918809,0.07148503484788331,-0.07221612344858688
-0.5574868749402626,0.16529031127974028,0.7614145595614771
-0.23268624628225382,0.08871994668907457,0.015624386617745185
-0.47071078148496714,-0.24610036001386623,-0.0243662520603357
-0.6326167946668511,1.1602855901967999,1.5445383079469632
-1.0778619222463919,-0.2677630996602462,0.3014459874330223
-2.233915760523514,0.16549690422944013,0.7139001762358402
-1.1898512983223641,0.08222932090975792,0.23287349006551264
-1.5780945931427655,-0.8113853389202438,0.4658129156129012
-0.4112634385446976,-0.5145475378603453,1.5032584679622911
-0.39417386728452875,-2.6521780274893803,1.4570233889755604
-0.35415739287972037,-0.9633083855759363,0.5796833307001134
-0.8850357416126186,-0.14226547151130375,1.0921588874017154
-0.768032063057258,-0.04109711328572141,0.17313781870054035
-1.3199660566158242,-0.035451277551915704,1.3022159661875905
-0.7389543227272225,-0.7885858692133663,1.327582847782245
-0.9130256552606888,-0.06257095655120626,-0.017325821528408683
-0.6997544560621839,-0.8602140463697167,0.3340330448972895
-0.1730972547900779,0.661764959536887,0.6193328185775367
-1.9254890172309271,-0.6915858554994901,0.21107729083724128
-0.8810473092926928,0.12335851868834907,0.2132791334380658
-0.2940370679084589,0.6986094811609826,0.5735790432966431
-2.2049802387501085,1.834378819882567,0.3770755156032892
-1.173382131641702,-0.5644880160881994,0.9263736688816958
-0.5029216675790259,-0.12332952411852412,0.9456833068237545
-0.2554263200254041,-0.047913677610461565,0.783547435679543
-0.9012738537674329,-0.586798963346134,0.6759363595870524
-0.05530999317303637,0.4043891290316228,0.5892973649739238
-0.48731919301987797,-0.8527978019541133,0.38617080346163307
-0.9297002391042625,0.18147828542994965,0.5867809456902566
-0.556439804930151,-0.061088287429815855,1.1816723190275358
-0.8850972441529994,0.6319600087423662,1.2694732749392346
-0.685329143428221,-0.7442924189659338,-0.042618783756367795
-0.025998878492210387,1.4182749904645946,2.2180910049227855
-1.5490574437437885,0.6615111655019298,0.3367535322695812
-1.3233883158427446,-0.08157989345291289,0.45721013962205953
-1.1333273113629914,-1.1155879231550845,1.0508023761720051
-0.7062060756120253,0.3592433844109645,0.8767879315650471
-3.0354517937366654,0.5431963288068784,-0.03319655617017732
-1.7728984920702755,-1.5780672558676672,2.127875623052153
-0.3546622433020824,-0.8637665748539565,0.9304667572018429
-1.1396919959084135,-0.4602843820612236,1.6259005564209106
-0.20492773146998822,1.6518756609836056,2.1573521093025665
-1.1606895725868114,1.0493679709465107,1.5616766480116853
-1.095963249517951,0.6770895755741151,0.27529968849311903
-1.0591931644246046,-1.7228936454754598,0.587002686659863
-0.23260564756624194,-0.07860937835572844,1.3963672693990927
-0.7254385293168836,1.4463572605066055,0.2798844618592764
0.06471881330259133,-0.1791307348699781,1.6697306297432994
-0.028446006076568234,-0.17272514683683118,1.0534585056761427
-0.1176072417150571,-0.7903688123284012,0.8296936553682763
-1.1899354324616482,0.9967947986587706,1.2218260229649842
-0.40833107785314365,0.9821725561453541,0.20278719391036684
-1.1903730877180645,-0.43489866200719324,1.1263765872928289
-0.49676737371115315,-0.8026114105968923,0.09938052946434779
-0.2075544672946619,0.2848206517133431,0.3121523651263365
-0.7243685159885189,-1.259340885211594,1.4357527266558758
-1.508752451432809,0.6155391123133223,0.7319996540754533
-0.7283410559683967,1.283181571805065,0.6812644634791283
-0.9459069903096147,0.6661158088680184,0.974853859527251
-0.9378343045313188,-0.08115083052045755,0.40098767484407727
-0.830268049820617,-1.5045712938841833,0.2224245837709033
-0.6959170753374,-1.9281379611019147,0.7537171751559402
-1.3174910113990939,1.7247446493118195,0.8772354778120701
-0.8031613556646191,0.9229538034882527,0.7373714680503489
-0.05044908804355852,-0.5946936366590603,0.8735422848736161
-0.4140716666734543,-0.20551302371906627,0.19052530644589916
-0.49123612120884796,-1.3408811269496288,0.8899196371237924
-0.1057862247571294,-1.358935708637264,0.41365199034473027
-1.2392369351783932,-1.3124604621849412,0.5968965410776572
-0.9611732004644205,0.8935633290404101,0.8020876300616415
-1.8316461654177307,-0.1191928258440458,1.0984362454779255
-0.45575882094452924,-0.4514655164642407,0.16655148030631672
-0.39447393230630823,-1.3004489672008028,1.252771600575144
-0.6342679934539106,-2.2938160693389196,0.32683597571394973
-0.04446969183788696,1.0693903890004142,1.3643162014643035
-1.372753204122403,0.493091263396672,0.05279495780604744
-0.8568539183521471,-0.8007911043982469,0.5211172786726508
-0.28116579568020134,-0.49642998076390027,1.890019428107503
-0.07213225543192654,-0.7913185685539819,0.44570251246176573
-0.4101341891877693,1.0025121799437473,0.48659727455650853
0.03149001035172774,0.9607481969341672,0.31638304487924107
-0.8578568454736577,-0.11584349784294896,0.3001180255345927
-1.7728170283925762,-0.5299862026544269,0.44839928966556847
-0.2703435739650896,0.1502513612660778,0.3354110118337736
-1.3236765808365882,-0.3428353622824836,0.35154699885895835
-0.3363868903471326,-1.1702115915900317,0.5900049819183886
-0.22920569490171583,1.0502279352805668,0.8063187920453855
-1.6414240197206962,-2.227352107568788,1.2192134318947037
-0.1577023017049152,0.2644089134283117,0.4076082829693014
-0.7515743515580301,1.1206027914727261,0.4109311334116459
-0.6291875354536152,-0.5464500239055865,0.9564148579319794
-1.281411665078994,1.3036849568199587,0.32927787154739835
-1.6258341617131986,0.5790874436337873,1.3859225876126082
-1.7682639560863722,0.7733503906471618,1.2536691661224693
-0.35961621319886067,1.3688052250121725,0.8074643422288413
-0.2817035848611552,1.4944396239152238,0.7772969983788682
-0.3065279127142824,-1.081480469241144,0.1517702292944622
-1.1831085330146445,1.446854658652583,0.6020857064256309
-0.1217481083432778,-0.6240665110577008,1.4808722977860114
-1.277849337206232,-1.471375907867364,0.895285974697616
0.04232446386088887,-0.02262633100223991,0.5675108899171184
-0.0699362292312115,0.36393908895414623,0.504312655095273
-0.32772597116508884,0.5197579568116962,0.6878190043183062
-0.46784652492950984,-0.6824072060340539,0.10419538517141198
-1.1859856437299392,-0.001436316789181685,0.971291959053479
-0.8847464572545238,-0.8345886065141198,0.4741236600901548
-0.9228066231771059,-0.0752042424450325,0.24906864319785682
-0.7603949460549799,1.2220259067578603,0.6125069352194135
-0.2848934027580773,0.23315320406079398,1.841560815623824
-1.509088787537856,0.8722711918271194,0.9222576024086384
